user_id,genres
hajam09@yahoo.com,Activities American Drama Travel
oliverqueen1@gmail.com,Adventure Stories Auditing Baggins Church Work With Youth
oliverqueen12@gmail.com,Activities Biography Brothers
jack@gmail.com,Australia Autobiography Baggins
belinda.lee69@gmail.com,Drama Dressmaking Education Foreign Language Study Hobbies Neural Networks Computer Science Poetry SelfHelp Study Aids
belinda.lee47@hotmail.com,Collectibles Drama Dressmaking Mathematics Travel
mattie.stanley93@outlook.com,Disciplines Engineering Humor Middle Earth Imaginary Place Study Aids Travel
dan.snyder73@hotmail.com,Amusements Music Travel
dale.doyle63@outlook.com,Auditing Autobiography Church Work With Youth Commerce Hobbies Science
beth.brooks90@hotmail.com,American Drama Autobiography Baggins Biography Fiction Juvenile Fiction Poetry Religion Social Science
sherman.becker86@outlook.com,Autobiography ChildrenS Plays Neural Networks Computer Science Reference
hazel.fletcher16@yahoo.com,Economics Home Shipwrecks
barbara.ortiz40@yahoo.com,Auditing Brothers And Sisters ChildrenS Stories Chocolate Industry Collectibles Commerce Fiction New Zealand Poetry
felicia.lloyd39@gmail.com,Computers Cooking Foreign Language Study French Language Home Neural Networks Computer Science Philosophy Shipwrecks
howard.miller52@yahoo.com,Art ChildrenS Stories Comics Computers Frodo Fictitious Character SelfHelp Social Policy
sheri.gonzales74@hotmail.fr,Australia Church Work With Youth Comics Crafts Disciplines Fiction Machine Learning Mathematics Plant Hybridization
manuel.brady41@yahoo.com,Business Computers Graphic Novels Pets Philosophy Star Wars Films
salvador.day96@outlook.com,Antiques Brothers Cats Drama Foreign Language Study Language Arts Religion Star Wars Films
darla.lawson81@hotmail.fr,Activities Church Work With Youth Games Medical Middle Earth Imaginary Place
marlene.burke79@hotmail.fr,ChildrenS Plays Disciplines Engineering English Fiction Java Computer Program Language Mathematics Middle Earth Imaginary Place Social Science
anna.clark96@gmail.com,Biography Disciplines Economics French Language Health Psychology Star Wars Films
neil.mclaughlin31@yahoo.com,Biography Crafts Graphic Novels Science Truck Driving
terence.jensen6@hotmail.fr,Crafts Machine Learning Music
jermaine.gomez1@hotmail.com,Auditing English Frodo Fictitious Character House Juvenile Fiction Mathematics Medical Religion
jessie.bradley40@yahoo.com,ChildrenS Stories Juvenile Nonfiction Study Aids
lisa.mann76@hotmail.fr,Australia Biography Mathematics Medical Plant Hybridization Science
drew.flowers44@hotmail.fr,Antiques Church Work With Youth Collectibles Crafts History Neural Networks Computer Science SelfHelp
patti.hardy32@outlook.com,Church Work With Youth Home Social Policy
elias.newman9@yahoo.com,Adventure Stories Comics Fiction Games History Juvenile Nonfiction Shipwrecks
chad.christensen37@hotmail.com,Frodo Fictitious Character Health Pets Social Policy
aubrey.park48@outlook.com,American Drama Amusements Church Work With Youth Computers Fantasy Fiction Law Poetry Social Policy Star Wars Films
marianne.gibson4@hotmail.fr,American Drama Australia Cooking Java Computer Program Language Machine Learning Medical Middle Earth Imaginary Place Political Science Technology
toni.hampton68@gmail.com,Australia Commerce Computers French Language Travel
joann.vargas96@yahoo.com,Antiques ChildrenS Plays Home
mathew.ross73@hotmail.fr,Australia Frodo Fictitious Character Graphic Novels History Language Arts Performing Arts Truck Driving
betsy.thompson65@gmail.com,Activities Amusements Antiques Art French Language Mice Neural Networks Computer Science Science Study Aids
neal.kim73@yahoo.com,Games Medical Performing Arts Young Adult Fiction
bernard.black51@hotmail.com,Drama Dressmaking Juvenile Nonfiction
ramona.phillips58@yahoo.com,Antiques Art Education Philosophy Political Science
camille.mason90@outlook.com,Adventure Stories Architecture Art Baggins ChildrenS Stories Education Fantasy Fiction Fitness Poetry
alexander.peters54@outlook.com,Baggins Foreign Language Study Machine Learning Performing Arts
earnest.rodriguez38@hotmail.fr,Fitness Middle Earth Imaginary Place Neural Networks Computer Science SelfHelp
rosemary.thomas17@hotmail.fr,Activities Amusements Architecture Autobiography Disciplines English French Language
rodney.hogan90@hotmail.fr,Church Work With Youth Juvenile Fiction Literary Criticism Middle Earth Imaginary Place Music
ernest.reynolds89@outlook.com,Activities Cats Frodo Fictitious Character
jerome.craig82@gmail.com,Baggins Java Computer Program Language Juvenile Nonfiction Performing Arts
erin.klein38@outlook.com,Cooking Economics Plant Hybridization
sharon.thornton45@hotmail.fr,Auditing Brothers Cats Law Machine Learning Music Pets
randy.lynch74@hotmail.com,Adventure Stories Art Chocolate Industry Disciplines Graphic Novels Home Law Young Adult Fiction
bob.zimmerman30@hotmail.fr,Adventure Stories ChildrenS Plays Computers Cooking Dressmaking Education French Language Hobbies
guy.walsh19@hotmail.com,Frodo Fictitious Character Graphic Novels Mathematics Science
andy.barker50@outlook.com,Business Collectibles Comics Cooking Juvenile Nonfiction Language Arts Shipwrecks
tasha.cohen28@yahoo.com,Cats ChildrenS Stories Chocolate Industry Cooking English Law New Zealand Travel Young Adult Fiction
lorena.mitchell60@yahoo.com,Chocolate Industry French Language History Humor Middle Earth Imaginary Place Philosophy Psychology Social Policy Travel
johnnie.waters44@outlook.com,Art Business Engineering Fiction Home Juvenile Nonfiction Mice Social Policy Social Science
rosa.hammond52@yahoo.com,Architecture Art Performing Arts
shannon.olson6@yahoo.com,Crafts History Law
natasha.bell68@yahoo.com,American Drama Health History Humor Juvenile Fiction
ada.singleton13@outlook.com,Dressmaking Mice New Zealand Political Science Social Policy
henry.vaughn74@yahoo.com,Art Autobiography Cats Cooking Machine Learning Political Science Technology Truck Driving
joan.graves98@yahoo.com,Amusements Church Work With Youth Crafts Dressmaking Humor
bruce.garrett76@outlook.com,Business Church Work With Youth Comics Poetry
eula.harper7@hotmail.com,Antiques Brothers ChildrenS Stories Chocolate Industry Home Psychology Science
mario.willis62@hotmail.com,Baggins Education Pets
oliver.morris7@hotmail.fr,Art Engineering Juvenile Nonfiction Music Plant Hybridization Social Policy Social Science Travel Truck Driving
leona.stevens0@hotmail.com,Australia Brothers And Sisters Education Fantasy Fiction Mice Psychology
nicole.boone76@hotmail.com,Antiques Commerce Drama
kristin.patton56@hotmail.com,American Drama Business Engineering Mice Neural Networks Computer Science Star Wars Films
jamie.shaw95@yahoo.com,Collectibles Economics Plant Hybridization Religion Star Wars Films Young Adult Fiction
todd.peterson59@gmail.com,Antiques Architecture Business Commerce
karla.jefferson22@hotmail.com,House Religion Travel
wilbur.dennis10@hotmail.com,Adventure Stories Collectibles Shipwrecks Technology
samantha.brock86@hotmail.fr,Art Brothers Commerce English Graphic Novels SelfHelp
courtney.stokes20@yahoo.com,Activities Auditing Business Chocolate Industry English Fantasy Fiction Philosophy Political Science SelfHelp
theodore.cruz2@outlook.com,Baggins Education Health Plant Hybridization Reference SelfHelp Star Wars Films
faye.chapman70@outlook.com,Biography Cooking Fiction Graphic Novels Juvenile Nonfiction Mice Plant Hybridization Religion
sandy.ingram90@hotmail.com,Church Work With Youth Collectibles Computers Crafts Disciplines English Middle Earth Imaginary Place
constance.duncan84@hotmail.fr,Art Economics Fantasy Fiction Juvenile Fiction Mathematics
melinda.webster79@hotmail.fr,Adventure Stories Art Biography Drama Juvenile Fiction Mathematics Neural Networks Computer Science Study Aids
amelia.washington77@hotmail.com,Crafts Fantasy Fiction Fitness Games Java Computer Program Language Medical Social Science
marc.potter92@hotmail.fr,Computers Machine Learning Middle Earth Imaginary Place
kristy.roberson3@yahoo.com,Chocolate Industry Games Literary Criticism Reference Technology
christopher.west46@hotmail.fr,Dressmaking Poetry Star Wars Films
alberto.watts6@yahoo.com,Business Dressmaking New Zealand Political Science
carroll.murray73@yahoo.com,Architecture Cats Comics Cooking Fantasy Fiction Mathematics Shipwrecks
matt.greene87@hotmail.com,Art Australia Brothers Computers Drama Java Computer Program Language Juvenile Nonfiction Language Arts Machine Learning
joyce.powers61@yahoo.com,American Drama Commerce Economics Reference
abel.jordan14@outlook.com,Activities Antiques Chocolate Industry Economics Fiction History Home Juvenile Fiction Religion
simon.cortez69@yahoo.com,Baggins Brothers And Sisters ChildrenS Plays Truck Driving
gerald.casey63@outlook.com,Computers French Language Mathematics Political Science Shipwrecks Social Science Travel
catherine.mills89@outlook.com,Art Auditing Chocolate Industry Dressmaking Games Health History Machine Learning Technology
winston.bass36@hotmail.fr,ChildrenS Plays Political Science Technology
doug.garner47@outlook.com,Autobiography Brothers Economics Education Engineering English Health
keith.floyd84@outlook.com,Auditing ChildrenS Stories Church Work With Youth Commerce Drama Fiction Java Computer Program Language Technology Young Adult Fiction
nettie.nguyen47@hotmail.com,Amusements Brothers Engineering Fiction Mathematics Plant Hybridization SelfHelp Study Aids
gail.newton62@hotmail.com,Auditing Computers Crafts Fiction Pets Psychology Science
gina.richardson84@outlook.com,Amusements Foreign Language Study Frodo Fictitious Character Humor Philosophy
lucas.soto6@outlook.com,Cats ChildrenS Stories Frodo Fictitious Character
deborah.byrd48@hotmail.com,Adventure Stories Amusements Church Work With Youth History Machine Learning Mice Middle Earth Imaginary Place
benjamin.horton49@outlook.com,Graphic Novels Language Arts Literary Criticism
hannah.harmon91@hotmail.fr,Economics Fiction House
toby.frazier49@yahoo.com,Adventure Stories Chocolate Industry Church Work With Youth Economics Psychology
jessica.morales58@gmail.com,Adventure Stories Collectibles Disciplines English Games Literary Criticism Psychology SelfHelp Technology
olivia.abbott42@gmail.com,Computers Fiction New Zealand
margaret.quinn68@hotmail.com,Architecture Baggins Drama Fiction Health Machine Learning Social Policy
frankie.phillips62@outlook.com,American Drama Baggins Business Commerce
joann.vaughn29@outlook.com,Activities Auditing Chocolate Industry Church Work With Youth Java Computer Program Language Poetry Psychology
alberta.mann54@yahoo.com,Brothers ChildrenS Plays ChildrenS Stories Crafts Fiction French Language Home
santiago.bennett38@yahoo.com,Computers Dressmaking French Language Mathematics Philosophy Science SelfHelp Social Policy
gordon.richards31@hotmail.fr,Cooking Disciplines Star Wars Films
doreen.floyd57@hotmail.com,Auditing Australia Autobiography Fantasy Fiction Hobbies Machine Learning Social Science
jason.mckinney44@hotmail.com,Architecture Art Brothers And Sisters Education Juvenile Fiction Religion
stanley.conner55@yahoo.com,Commerce Crafts Language Arts Social Science Travel
beulah.franklin65@hotmail.fr,French Language Humor Juvenile Nonfiction Language Arts Psychology Religion
allen.cunningham24@yahoo.com,Engineering Foreign Language Study Performing Arts SelfHelp
beth.medina65@hotmail.com,Comics Frodo Fictitious Character Health Juvenile Fiction Law Philosophy Reference SelfHelp Shipwrecks
sheri.george68@hotmail.fr,Activities Comics Commerce Foreign Language Study Health Pets Reference
eileen.webster95@hotmail.com,Antiques ChildrenS Plays Church Work With Youth Humor Juvenile Fiction Law Political Science Science Technology
angel.welch59@hotmail.fr,Dressmaking Graphic Novels Humor Java Computer Program Language Mathematics Medical Performing Arts Travel
katie.banks28@gmail.com,ChildrenS Plays Graphic Novels Juvenile Fiction Mathematics Music Psychology
kristopher.morrison98@hotmail.fr,Activities Commerce Disciplines Health Machine Learning Middle Earth Imaginary Place Philosophy Shipwrecks
elbert.elliott17@yahoo.com,English Fantasy Fiction Law
bradley.steele26@outlook.com,Antiques Biography Commerce Education Engineering Java Computer Program Language Mice Science
patsy.meyer65@hotmail.fr,Amusements Brothers And Sisters Cooking Education Games Home Juvenile Nonfiction Travel
rachael.patrick49@hotmail.com,Brothers Cats ChildrenS Plays Cooking Hobbies Juvenile Nonfiction SelfHelp Technology
katrina.moran88@gmail.com,Fiction Frodo Fictitious Character Mice Neural Networks Computer Science SelfHelp
loretta.roberson58@outlook.com,American Drama Antiques Art ChildrenS Stories Dressmaking Economics Graphic Novels Shipwrecks Star Wars Films
jenny.vega95@outlook.com,Business Engineering English Frodo Fictitious Character Language Arts Plant Hybridization Poetry
johnny.arnold16@outlook.com,Education Neural Networks Computer Science Performing Arts
sadie.reynolds10@hotmail.fr,Crafts Fitness History Social Science
winston.perry30@gmail.com,Business Church Work With Youth Home New Zealand
harvey.romero86@hotmail.com,American Drama Brothers Economics Health
shannon.allen6@hotmail.com,Autobiography Baggins Frodo Fictitious Character Neural Networks Computer Science Truck Driving
isaac.harris50@yahoo.com,Auditing English French Language Health Music Performing Arts Pets Reference
terence.ford19@outlook.com,American Drama Biography Cooking Language Arts New Zealand
sherman.oliver88@hotmail.fr,Cats ChildrenS Plays Dressmaking Engineering Games SelfHelp
merle.salazar5@outlook.com,Activities Commerce Disciplines Drama Fiction Fitness Language Arts
kristin.soto34@outlook.com,Brothers And Sisters Comics Fitness History Machine Learning
blanca.willis64@gmail.com,Brothers Foreign Language Study Social Policy
louis.mcgee34@hotmail.com,Antiques Brothers Church Work With Youth Commerce Machine Learning Performing Arts Political Science Study Aids
dan.walters44@yahoo.com,American Drama Antiques Study Aids
clarence.sanchez37@hotmail.fr,Auditing Foreign Language Study Medical
cameron.wade25@gmail.com,ChildrenS Stories Computers Dressmaking Fiction Machine Learning Middle Earth Imaginary Place Neural Networks Computer Science Young Adult Fiction
horace.hernandez50@yahoo.com,Art Brothers Chocolate Industry Drama Fiction Health Humor Language Arts Pets
don.ortiz58@outlook.com,American Drama Antiques Fiction Fitness Frodo Fictitious Character Shipwrecks
paul.carpenter84@gmail.com,Adventure Stories Antiques Autobiography Fantasy Fiction Hobbies Language Arts Religion Science
brenda.stevens70@hotmail.fr,Health Law Poetry Religion
cornelius.harrison41@outlook.com,American Drama Architecture Language Arts Pets Truck Driving Young Adult Fiction
shelly.colon46@gmail.com,Australia Brothers Chocolate Industry Church Work With Youth Dressmaking Language Arts Law Science
brandi.hansen3@hotmail.com,Fantasy Fiction Juvenile Fiction Literary Criticism
hugo.warner49@hotmail.com,Comics Crafts French Language Frodo Fictitious Character
carolyn.harper80@hotmail.com,Medical Music Neural Networks Computer Science Travel
nathaniel.dawson56@gmail.com,Brothers And Sisters Cooking History House Humor Religion
emanuel.goodman56@outlook.com,Brothers Business Disciplines Graphic Novels History Humor Star Wars Films
benny.woods44@yahoo.com,Adventure Stories SelfHelp Social Policy
amos.pratt37@gmail.com,Economics Home Literary Criticism Reference SelfHelp Social Policy Social Science Truck Driving
harry.davidson64@outlook.com,Biography Cooking Crafts Mice New Zealand Social Science Truck Driving
karen.brady33@yahoo.com,Art Chocolate Industry Comics Graphic Novels Law Reference Travel
krista.lopez48@hotmail.fr,Australia Comics Graphic Novels Language Arts Poetry Science Truck Driving
drew.gross67@gmail.com,Comics Cooking Fantasy Fiction New Zealand Social Science
abraham.hunt45@yahoo.com,Activities Autobiography Dressmaking French Language Juvenile Fiction Religion
stacy.bowen79@yahoo.com,Art Economics New Zealand Plant Hybridization
jaime.horton92@hotmail.fr,Brothers Cats Computers Engineering Performing Arts
camille.hart57@yahoo.com,American Drama Collectibles Dressmaking Economics Fiction Fitness House Literary Criticism Machine Learning
clint.patton74@hotmail.fr,Autobiography Brothers Business Cats Truck Driving
antoinette.morton41@gmail.com,Adventure Stories American Drama Cooking Disciplines Foreign Language Study Games Mathematics Psychology Truck Driving
kate.wood53@yahoo.com,Amusements Autobiography Cats Computers Hobbies Neural Networks Computer Science
tiffany.lawrence53@hotmail.fr,Antiques Crafts Juvenile Nonfiction Mathematics Religion
elisa.phelps87@outlook.com,Business Cooking Fiction Games Plant Hybridization
juana.mathis12@yahoo.com,Brothers Business English New Zealand Technology Truck Driving
lionel.white56@outlook.com,Auditing Cats French Language Social Policy
craig.mills29@yahoo.com,Auditing Australia Comics Engineering Java Computer Program Language Middle Earth Imaginary Place Philosophy
tomas.bishop68@yahoo.com,Baggins Biography Computers Cooking House Juvenile Nonfiction Mice Middle Earth Imaginary Place Psychology
janet.perez12@gmail.com,Fantasy Fiction New Zealand Performing Arts Psychology
lynda.potter47@outlook.com,Baggins Brothers Brothers And Sisters ChildrenS Stories Chocolate Industry Plant Hybridization Political Science Technology
kirk.taylor4@hotmail.fr,Autobiography Crafts French Language Java Computer Program Language Juvenile Nonfiction Law Music Neural Networks Computer Science Technology
leticia.boone89@outlook.com,American Drama Australia Baggins Business Education Graphic Novels Humor Mathematics Social Policy
brad.blake56@outlook.com,Australia Autobiography Cooking Frodo Fictitious Character History Mathematics Truck Driving
israel.mccarthy91@yahoo.com,Australia Comics House Neural Networks Computer Science Performing Arts Pets Shipwrecks
rosemarie.houston10@gmail.com,Cooking Fitness Mathematics Music
bill.curtis72@hotmail.com,Juvenile Fiction Law Literary Criticism Philosophy
alejandro.payne8@yahoo.com,Dressmaking Education Fantasy Fiction Frodo Fictitious Character Law Science
raymond.powell51@yahoo.com,New Zealand Psychology Religion Technology
nick.bush6@gmail.com,Brothers And Sisters ChildrenS Plays ChildrenS Stories Technology Young Adult Fiction
maurice.briggs86@outlook.com,Activities Australia Business
casey.doyle36@hotmail.com,Comics Games Humor
estelle.tran74@yahoo.com,Humor Mathematics Social Policy Study Aids Technology
stella.mcguire86@outlook.com,Adventure Stories Chocolate Industry Drama English Fantasy Fiction Java Computer Program Language Plant Hybridization Political Science
ken.mcbride24@hotmail.com,Autobiography Reference SelfHelp Young Adult Fiction
muriel.greene91@outlook.com,Biography French Language Humor Law Machine Learning Social Science Technology
caleb.williamson88@hotmail.com,Crafts Frodo Fictitious Character Games Mathematics Political Science SelfHelp
timmy.marshall24@gmail.com,Collectibles Comics Fitness Graphic Novels Juvenile Fiction Music Neural Networks Computer Science Philosophy
lillian.jackson51@yahoo.com,Commerce Foreign Language Study History Literary Criticism Science Young Adult Fiction
conrad.gutierrez83@yahoo.com,Church Work With Youth Commerce Disciplines Dressmaking Economics History Hobbies Middle Earth Imaginary Place Philosophy
loren.carlson58@hotmail.fr,Church Work With Youth Frodo Fictitious Character Law Science Technology
elsa.ballard97@yahoo.com,Art Australia Computers Frodo Fictitious Character Juvenile Fiction Middle Earth Imaginary Place
bert.stewart62@hotmail.com,ChildrenS Stories Church Work With Youth Education Java Computer Program Language Political Science Psychology
carrie.manning95@hotmail.fr,Adventure Stories Amusements Australia Baggins Business Economics Language Arts Plant Hybridization
eunice.roberts0@hotmail.com,Adventure Stories American Drama Autobiography Business Frodo Fictitious Character History House Middle Earth Imaginary Place
alex.jacobs5@yahoo.com,Architecture Auditing Baggins ChildrenS Stories Cooking Juvenile Nonfiction Law Pets Truck Driving
marian.boyd11@hotmail.com,Activities French Language Star Wars Films
lorene.barber1@gmail.com,Chocolate Industry Comics Fantasy Fiction Juvenile Nonfiction Medical SelfHelp
harold.sullivan36@outlook.com,Auditing Economics Language Arts Middle Earth Imaginary Place
rosie.ramsey95@gmail.com,Amusements Biography Economics English Hobbies House Political Science
sheldon.sanders86@gmail.com,Business Disciplines French Language Music
duane.powers11@hotmail.fr,American Drama Autobiography Cats Education Shipwrecks Star Wars Films
rebecca.brown78@hotmail.com,Business Neural Networks Computer Science Travel
shirley.armstrong14@outlook.com,Brothers Cats Church Work With Youth Computers Dressmaking French Language Graphic Novels
leroy.moran71@outlook.com,Brothers Business ChildrenS Stories Cooking Juvenile Fiction Young Adult Fiction
sheila.pena71@yahoo.com,Cats Dressmaking Juvenile Fiction Juvenile Nonfiction Mathematics Middle Earth Imaginary Place Neural Networks Computer Science Plant Hybridization
lauren.reese91@hotmail.com,Art Auditing Business Chocolate Industry Juvenile Nonfiction
casey.spencer69@outlook.com,Autobiography Biography Crafts French Language Graphic Novels Performing Arts Reference
dana.cunningham40@gmail.com,Commerce Java Computer Program Language Shipwrecks
cynthia.conner54@hotmail.fr,Autobiography Brothers And Sisters Chocolate Industry Collectibles French Language House Middle Earth Imaginary Place Travel
santiago.morton62@yahoo.com,Art Collectibles New Zealand Psychology Young Adult Fiction
sandra.huff69@hotmail.fr,Cooking Dressmaking Fantasy Fiction Middle Earth Imaginary Place Music Political Science SelfHelp Travel
jackie.castillo0@hotmail.fr,House Literary Criticism Plant Hybridization
mandy.cooper93@outlook.com,Art Fantasy Fiction House Mice Science
brandi.warner42@hotmail.com,ChildrenS Plays Chocolate Industry Frodo Fictitious Character Home Mathematics Study Aids
joanna.klein73@hotmail.com,Business ChildrenS Plays Comics Games Literary Criticism Middle Earth Imaginary Place Poetry
scott.barnett33@hotmail.com,Art Brothers Cats Education Engineering Music SelfHelp Shipwrecks
sam.nunez24@yahoo.com,Adventure Stories Church Work With Youth Comics Fiction Study Aids
terrance.harvey39@hotmail.fr,American Drama Brothers Brothers And Sisters Cooking Home Machine Learning Mice Psychology
william.brooks83@gmail.com,Antiques Architecture Church Work With Youth House Law Music Performing Arts Science Technology
wilma.rhodes1@hotmail.com,Auditing Brothers Cats Commerce Crafts Drama Mathematics Poetry Reference
joseph.james41@outlook.com,Chocolate Industry Dressmaking Economics House Medical Mice Neural Networks Computer Science Pets
marta.chambers7@gmail.com,Antiques Comics Engineering Science SelfHelp
morris.becker13@outlook.com,ChildrenS Plays Church Work With Youth Comics Fitness Performing Arts
isabel.fleming41@yahoo.com,Cats Dressmaking Mathematics Pets
pablo.martinez98@yahoo.com,Architecture Autobiography Cooking Crafts Drama Dressmaking
bobbie.collier91@yahoo.com,Adventure Stories American Drama ChildrenS Stories Graphic Novels Home Juvenile Nonfiction
blanca.hale65@hotmail.com,Church Work With Youth Comics English Hobbies House Mice Psychology Travel
veronica.howell0@gmail.com,Baggins Collectibles Comics Literary Criticism Poetry Reference Truck Driving
gerald.quinn48@hotmail.com,Amusements Business Dressmaking Education Middle Earth Imaginary Place
russell.ford1@yahoo.com,Cats ChildrenS Stories Computers Middle Earth Imaginary Place
lucia.stanley62@outlook.com,Biography Brothers ChildrenS Plays Disciplines Language Arts Neural Networks Computer Science Psychology
faith.roy56@hotmail.fr,Fantasy Fiction Language Arts Social Science
gwendolyn.farmer68@hotmail.fr,Chocolate Industry Disciplines English Psychology Truck Driving
julian.duncan42@outlook.com,Biography Hobbies Poetry Reference Technology
spencer.banks87@hotmail.com,Art Collectibles Comics
jonathon.cannon39@outlook.com,Baggins Cats Fitness Neural Networks Computer Science Technology Young Adult Fiction
pauline.fitzgerald38@hotmail.com,Adventure Stories Art Crafts English Health Middle Earth Imaginary Place New Zealand Shipwrecks Social Science
claude.gregory23@hotmail.fr,Chocolate Industry Hobbies Juvenile Nonfiction Middle Earth Imaginary Place Political Science Study Aids
maggie.washington24@yahoo.com,Amusements Baggins Chocolate Industry Engineering Fantasy Fiction French Language New Zealand Religion
mona.hamilton22@outlook.com,Church Work With Youth Comics Crafts Dressmaking Education Fitness Psychology Social Policy Truck Driving
ron.pratt17@gmail.com,Church Work With Youth Health Neural Networks Computer Science Shipwrecks
mable.fowler18@yahoo.com,Cooking Games Neural Networks Computer Science
candice.boone70@hotmail.fr,Architecture Brothers Church Work With Youth Comics French Language Language Arts Machine Learning Star Wars Films Travel
sean.bates4@outlook.com,Activities Amusements Architecture Collectibles Literary Criticism Religion Technology
carrie.kelley93@yahoo.com,Auditing ChildrenS Stories Cooking Education Health House New Zealand Poetry Social Policy
agnes.joseph66@outlook.com,Education Star Wars Films Truck Driving
ignacio.burke50@yahoo.com,Crafts Health Hobbies Humor Poetry Science
malcolm.foster82@hotmail.fr,Architecture Brothers And Sisters Cats Economics Language Arts Middle Earth Imaginary Place Social Science
alfred.simpson8@hotmail.com,Autobiography Economics SelfHelp Star Wars Films Technology
ed.harper3@yahoo.com,Activities Crafts House Language Arts Medical Shipwrecks
melody.schneider5@hotmail.com,Activities Cooking Psychology Reference Shipwrecks
vivian.white96@hotmail.fr,Autobiography Brothers Church Work With Youth Home Law Performing Arts Poetry
caleb.holmes14@gmail.com,Business Church Work With Youth Commerce Education Fitness Games Hobbies Java Computer Program Language
roberto.rodgers67@outlook.com,Business Education Fitness Games Literary Criticism Philosophy Political Science Science
jane.aguilar83@hotmail.com,Brothers And Sisters Collectibles Social Policy
randal.day92@gmail.com,Brothers And Sisters ChildrenS Stories Psychology Study Aids
ross.maldonado98@outlook.com,Auditing ChildrenS Stories Health House Humor Medical SelfHelp Star Wars Films
lawrence.perez17@hotmail.fr,Activities Crafts Disciplines English Hobbies Study Aids Technology
wilbert.salazar23@outlook.com,Disciplines English Juvenile Nonfiction Plant Hybridization
sara.wheeler95@outlook.com,American Drama Autobiography Brothers And Sisters Business Games Juvenile Fiction Performing Arts
roland.houston96@yahoo.com,Cats Engineering English Hobbies Psychology
bethany.daniel69@yahoo.com,Antiques Crafts Engineering English Machine Learning Middle Earth Imaginary Place Neural Networks Computer Science Religion
grady.obrien73@hotmail.com,Auditing House Poetry
gilbert.patterson46@outlook.com,Australia English Middle Earth Imaginary Place New Zealand
jack.robinson71@hotmail.com,Adventure Stories Baggins Drama Fantasy Fiction Fitness Shipwrecks Technology Young Adult Fiction
mildred.mckenzie48@hotmail.fr,Australia Biography ChildrenS Plays Collectibles Juvenile Nonfiction Medical Pets Science Technology
virgil.tate19@hotmail.fr,Activities Brothers Business Economics Fitness Philosophy Technology
victor.hughes61@gmail.com,American Drama ChildrenS Plays Cooking Performing Arts
bessie.mack72@outlook.com,Brothers Business Fitness Literary Criticism Performing Arts Reference Religion
angela.cook75@hotmail.com,Adventure Stories Auditing Crafts Dressmaking New Zealand Reference Social Policy
jacquelyn.fox72@hotmail.com,ChildrenS Plays Education Shipwrecks
jeffrey.garza55@outlook.com,Cats Engineering Fantasy Fiction Graphic Novels Social Policy
hannah.blake50@hotmail.com,Amusements Cooking Foreign Language Study House Middle Earth Imaginary Place Neural Networks Computer Science Travel Truck Driving
michele.gross58@outlook.com,Adventure Stories Church Work With Youth Cooking Neural Networks Computer Science Science Travel
jeanette.wagner21@yahoo.com,American Drama Brothers And Sisters Home Mathematics
laurence.cobb17@yahoo.com,Adventure Stories Art Autobiography Dressmaking French Language Humor Science Social Science Star Wars Films
jerald.casey40@hotmail.com,Autobiography Brothers Chocolate Industry Commerce Fitness Home House Star Wars Films
julio.erickson98@outlook.com,Chocolate Industry Juvenile Nonfiction Law Mathematics Neural Networks Computer Science Poetry Truck Driving
frances.mullins47@yahoo.com,Education Fantasy Fiction Law Science
lance.morales0@yahoo.com,Business ChildrenS Plays Home Juvenile Fiction Middle Earth Imaginary Place Performing Arts Travel
joey.king57@gmail.com,Comics Economics Home House Neural Networks Computer Science Philosophy Social Science Young Adult Fiction
patsy.mccarthy68@hotmail.com,Business Church Work With Youth Engineering Games Language Arts Mathematics Mice
johnnie.harris20@gmail.com,American Drama Architecture Art Collectibles Engineering Fantasy Fiction Language Arts Middle Earth Imaginary Place Psychology
john.porter57@hotmail.fr,Foreign Language Study Juvenile Nonfiction Truck Driving
glenda.vega36@yahoo.com,Humor Political Science Shipwrecks Travel
lee.larson36@outlook.com,Business Drama Fiction Home Language Arts Reference
aaron.wilkerson15@hotmail.fr,Health History Middle Earth Imaginary Place Religion Study Aids
lela.gilbert53@yahoo.com,Collectibles Cooking Frodo Fictitious Character Java Computer Program Language Mice Pets Psychology Shipwrecks Young Adult Fiction
janie.franklin23@hotmail.com,Auditing Baggins ChildrenS Plays Fantasy Fiction Medical Music Plant Hybridization Technology
martha.newton4@outlook.com,Autobiography Foreign Language Study French Language Home Mathematics SelfHelp Shipwrecks Social Policy
terence.berry63@gmail.com,Antiques Fitness Humor Java Computer Program Language
jake.hernandez35@gmail.com,Adventure Stories Crafts Pets Science
misty.greene84@gmail.com,Autobiography Comics Language Arts Reference Technology
salvador.lane56@hotmail.com,Architecture Fantasy Fiction French Language Young Adult Fiction
courtney.hampton57@hotmail.fr,Comics Crafts Dressmaking Fiction Home
ann.patton82@gmail.com,Antiques Baggins Cats ChildrenS Plays Church Work With Youth Economics Education Music Social Policy
gerard.phelps92@yahoo.com,Brothers And Sisters Computers Dressmaking Law
lowell.burton95@hotmail.fr,Biography Frodo Fictitious Character Hobbies Language Arts Mathematics Performing Arts Plant Hybridization Poetry SelfHelp
melba.barnes76@hotmail.com,Baggins Juvenile Nonfiction Medical
drew.rodriguez72@hotmail.fr,Biography Neural Networks Computer Science Young Adult Fiction
clara.goodman97@hotmail.com,Activities Cats Commerce Reference SelfHelp Social Policy
dixie.thompson46@yahoo.com,Fitness Literary Criticism Middle Earth Imaginary Place Neural Networks Computer Science Reference Star Wars Films
jeannie.cross77@hotmail.com,Activities American Drama Brothers And Sisters Health Social Science Young Adult Fiction
garry.rice77@yahoo.com,Fitness Home Religion
marie.summers65@gmail.com,Autobiography Economics Performing Arts
janie.schwartz39@outlook.com,Baggins Hobbies Music Truck Driving
clint.williams32@yahoo.com,Adventure Stories ChildrenS Plays Fiction Political Science SelfHelp Shipwrecks Travel Young Adult Fiction
kevin.reese68@outlook.com,Comics Commerce French Language Frodo Fictitious Character House Performing Arts Psychology
elena.barrett80@yahoo.com,Art Cats ChildrenS Plays Computers Fitness Juvenile Nonfiction Performing Arts
jana.quinn46@gmail.com,Java Computer Program Language Performing Arts Political Science Psychology Reference
hector.porter35@yahoo.com,Commerce Computers Education French Language SelfHelp Truck Driving
roman.gomez94@gmail.com,Antiques Australia English Juvenile Nonfiction Machine Learning Middle Earth Imaginary Place Neural Networks Computer Science Social Science Star Wars Films
jimmy.hernandez26@hotmail.fr,Autobiography Language Arts Reference
salvador.lopez64@hotmail.fr,American Drama Art Dressmaking House Juvenile Nonfiction Neural Networks Computer Science Psychology Travel
joanne.gross40@gmail.com,Antiques Church Work With Youth English Machine Learning Music Performing Arts Plant Hybridization
marta.lynch24@yahoo.com,Adventure Stories Collectibles Java Computer Program Language Language Arts
michele.griffin30@outlook.com,Business Medical Reference Shipwrecks Social Policy Truck Driving
loretta.bryan26@gmail.com,ChildrenS Plays ChildrenS Stories Cooking Disciplines Juvenile Fiction Law Music SelfHelp Shipwrecks
florence.frazier52@yahoo.com,Brothers Education Frodo Fictitious Character Graphic Novels Mice Social Policy
gustavo.peterson31@yahoo.com,Art Business Social Policy Travel
darren.wade76@hotmail.com,Home Mice Truck Driving Young Adult Fiction
earnest.gordon63@hotmail.fr,Antiques Cats Java Computer Program Language Plant Hybridization SelfHelp Star Wars Films
sonja.burke7@gmail.com,Chocolate Industry Machine Learning Star Wars Films
lester.clayton70@yahoo.com,Activities Engineering Juvenile Nonfiction Language Arts Medical
mona.ballard37@gmail.com,Activities Collectibles Cooking Health Shipwrecks Truck Driving
todd.watson20@yahoo.com,Comics Juvenile Nonfiction Social Policy
sheldon.love92@yahoo.com,Comics Java Computer Program Language Machine Learning Medical Political Science Psychology
tim.simpson5@hotmail.com,ChildrenS Plays Chocolate Industry Java Computer Program Language Medical Middle Earth Imaginary Place Social Policy Social Science Study Aids
rose.west9@hotmail.com,Law Machine Learning Mathematics Middle Earth Imaginary Place
katherine.gilbert78@hotmail.fr,Adventure Stories Art Business ChildrenS Plays Church Work With Youth Computers Crafts Hobbies Mice
peggy.buchanan41@outlook.com,Adventure Stories Auditing Brothers Dressmaking Frodo Fictitious Character Medical Neural Networks Computer Science Science
elias.nunez96@hotmail.com,Business Fantasy Fiction Foreign Language Study Middle Earth Imaginary Place Travel
vickie.bowen15@yahoo.com,Architecture Brothers And Sisters Juvenile Nonfiction
kellie.lee7@outlook.com,Antiques Auditing Commerce Crafts Neural Networks Computer Science Plant Hybridization Poetry Star Wars Films
myrtle.mcgee44@yahoo.com,ChildrenS Stories Crafts Engineering Fitness Humor Young Adult Fiction
nichole.wise23@gmail.com,Biography Dressmaking Fitness French Language New Zealand
tammy.lloyd10@hotmail.fr,Cooking Mathematics Pets
rex.carson86@gmail.com,Activities Australia House
virgil.castillo1@hotmail.fr,Church Work With Youth Medical Mice
blanche.hudson16@hotmail.fr,Commerce Fiction Health
corey.warren73@hotmail.com,Baggins Disciplines Education Foreign Language Study Health Juvenile Fiction Music Social Policy
nathaniel.stephens47@gmail.com,Activities Adventure Stories Middle Earth Imaginary Place
david.nelson57@outlook.com,Brothers Economics Health Medical Reference Science
gene.perez25@hotmail.fr,Antiques Art Auditing Australia Autobiography Drama Fitness Frodo Fictitious Character
nick.mccormick8@outlook.com,American Drama Cooking Drama Economics Language Arts Shipwrecks Social Policy Star Wars Films
willard.murray21@hotmail.fr,Adventure Stories Crafts Fantasy Fiction Reference Religion Shipwrecks Social Science Young Adult Fiction
joyce.park57@hotmail.fr,Cooking Humor Pets
arlene.bennett45@hotmail.com,Australia Drama Literary Criticism Machine Learning Middle Earth Imaginary Place Science
wm.dixon98@gmail.com,Collectibles Disciplines Education Law New Zealand Philosophy Study Aids
kent.maldonado7@hotmail.fr,Business Disciplines Fiction Pets
pat.hanson21@hotmail.com,ChildrenS Stories Home Juvenile Fiction Mathematics SelfHelp Technology
lorena.richards68@yahoo.com,Brothers Dressmaking Education Fantasy Fiction History Machine Learning Star Wars Films Study Aids
samantha.bell41@hotmail.fr,Fantasy Fiction French Language Health Home
elvira.elliott87@hotmail.fr,Art Auditing Collectibles Comics English Literary Criticism Performing Arts Technology
francis.jenkins76@gmail.com,Collectibles Education Fitness SelfHelp Social Policy
gregory.washington47@gmail.com,Amusements Computers Drama Engineering Hobbies Juvenile Fiction Middle Earth Imaginary Place Study Aids
bill.walsh7@yahoo.com,Auditing Cats Fitness Mice Political Science Star Wars Films Study Aids
jacob.franklin53@hotmail.com,Amusements Economics Juvenile Fiction
jeanette.howard43@outlook.com,Adventure Stories Autobiography Middle Earth Imaginary Place Music Plant Hybridization Religion
ruben.santos69@yahoo.com,Adventure Stories Australia Home Humor Medical Music SelfHelp
sally.obrien9@gmail.com,Activities Architecture Fantasy Fiction Mathematics Medical Reference
pamela.robbins12@outlook.com,Activities Collectibles Crafts Dressmaking Economics Graphic Novels Machine Learning Plant Hybridization Star Wars Films
donna.hines99@outlook.com,American Drama Architecture Baggins Business Crafts History Technology
otis.hubbard45@hotmail.fr,Mice SelfHelp Social Science
carmen.garcia46@hotmail.com,Antiques Art Biography Brothers Language Arts Medical Plant Hybridization Shipwrecks
george.armstrong24@hotmail.com,Art Auditing Dressmaking English French Language Psychology
kurt.cortez38@hotmail.fr,Amusements Autobiography Home Medical Neural Networks Computer Science Study Aids Technology
manuel.kelley56@hotmail.fr,Architecture Chocolate Industry Collectibles Law Reference
estelle.lucas11@outlook.com,Architecture Autobiography Brothers And Sisters Commerce Games Humor Java Computer Program Language
faye.patterson86@yahoo.com,American Drama Art Auditing Drama Engineering English Science
stella.moore77@yahoo.com,Graphic Novels Hobbies Shipwrecks
allen.hunter98@gmail.com,American Drama Antiques Brothers Commerce Dressmaking Java Computer Program Language Juvenile Fiction SelfHelp
catherine.harris98@gmail.com,Collectibles Drama Fitness Hobbies Juvenile Nonfiction Science Social Science
glenda.harvey99@yahoo.com,Autobiography Comics Crafts Disciplines Drama Fitness French Language Frodo Fictitious Character Mice
angelo.bryant32@hotmail.com,Autobiography Computers Cooking English Middle Earth Imaginary Place Shipwrecks
jack.white60@yahoo.com,Australia Economics Java Computer Program Language Machine Learning Medical Young Adult Fiction
charlotte.cole87@yahoo.com,Architecture Cats Collectibles Comics Commerce Fantasy Fiction History Law Medical
natalie.olson34@hotmail.com,Disciplines English Plant Hybridization Social Policy
regina.walker41@hotmail.fr,Adventure Stories Baggins Cats Chocolate Industry Comics Education House Mathematics Religion
phillip.santiago15@outlook.com,Antiques Autobiography Neural Networks Computer Science New Zealand
patti.ford3@gmail.com,Autobiography Baggins Business Law Political Science
lynn.young27@hotmail.fr,Activities Commerce French Language Performing Arts
kay.copeland91@yahoo.com,Architecture Brothers Church Work With Youth Law Social Policy Travel
megan.lawson73@hotmail.fr,Law Middle Earth Imaginary Place Pets
wendy.brock76@outlook.com,Biography Education Fitness Machine Learning
dora.morris52@hotmail.fr,Adventure Stories Fitness Juvenile Nonfiction Music Plant Hybridization
jamie.stanley96@hotmail.fr,Architecture Literary Criticism Study Aids Truck Driving
gail.hale54@hotmail.com,Amusements Antiques Fantasy Fiction Language Arts
becky.ferguson89@yahoo.com,English History Literary Criticism Technology
bethany.thomas25@hotmail.fr,Comics Fitness Foreign Language Study
jackie.jimenez74@gmail.com,Art Comics SelfHelp
drew.hayes11@hotmail.com,Amusements Commerce Graphic Novels Plant Hybridization Religion
olive.sullivan80@outlook.com,Biography Comics Health
tabitha.mclaughlin57@outlook.com,Antiques Comics Fantasy Fiction Machine Learning Performing Arts Philosophy
marcus.harrington37@gmail.com,Disciplines Pets Social Science
edward.maxwell70@hotmail.com,Biography Fitness Study Aids
denise.hampton34@gmail.com,Activities Collectibles House
james.pope97@hotmail.fr,Activities Adventure Stories Architecture Economics Mathematics
nina.richardson4@gmail.com,Antiques ChildrenS Stories Collectibles Fantasy Fiction Games Plant Hybridization
krista.james4@gmail.com,Amusements Crafts Disciplines Economics Graphic Novels Juvenile Fiction Mice Music
belinda.lee83@hotmail.fr,Amusements Drama Fiction Young Adult Fiction
mattie.stanley74@outlook.com,Auditing Brothers And Sisters Dressmaking History House Language Arts New Zealand Plant Hybridization Poetry
dan.snyder31@hotmail.com,Chocolate Industry Fitness Mathematics Pets SelfHelp Shipwrecks
dale.doyle92@gmail.com,Business Disciplines Graphic Novels Literary Criticism Political Science Religion
belinda.lee60@gmail.com,Chocolate Industry Graphic Novels Shipwrecks Social Policy
mattie.stanley82@yahoo.com,Adventure Stories Australia Commerce Engineering Law Neural Networks Computer Science Poetry Psychology Social Science
dan.snyder67@hotmail.fr,Antiques Brothers Chocolate Industry Fitness Performing Arts Science Study Aids
dale.doyle4@gmail.com,Art Comics Neural Networks Computer Science Philosophy Social Policy Technology
beth.brooks31@outlook.com,House Law Music
sherman.becker13@yahoo.com,Fitness Foreign Language Study Games House Literary Criticism Mathematics
hazel.fletcher40@hotmail.com,Amusements Cats Fitness
barbara.ortiz51@hotmail.fr,Australia Commerce Mice
felicia.lloyd40@yahoo.com,Antiques Auditing Health Social Policy
howard.miller71@hotmail.fr,American Drama Engineering Home House
sheri.gonzales91@yahoo.com,Adventure And Adventurers Adventure Stories American Drama
josh.brolin@gmail.com,Biography Board Games Brothers And Sisters Business
andrew.garfield@yahoo.com,Australia Autobiography Beginner Reader
bob.sturm@yahoo.com,Activities ChildrenS Plays Church Work With Youth Cooking
ashrafhajamohideen@gmail.com,Autobiography Baggins Basic Computer Program Language